roc_auc,average_precision,sensitivity,specificity,threshold,lower_auroc,upper_auroc,std_auroc,lower_ap,upper_ap,std_ap,lower_sensitivity,upper_sensitivity,std_sensitivity,lower_specificity,upper_specificity,std_specificity
0.6980983648101723,0.17259805154697272,0.632929104477612,0.6593430186788807,0.043279532,0.6879303929167346,0.7085386007434842,0.006181762085450384,0.1632106550618818,0.185847283453147,0.006095781457999768,0.6141651602706367,0.6728369457408104,0.017518550279008772,0.6151746953178836,0.6645036621258648,0.01620040044276772
