roc_auc,average_precision,sensitivity,specificity,threshold,lower_auroc,upper_auroc,std_auroc,lower_ap,upper_ap,std_ap,lower_sensitivity,upper_sensitivity,std_sensitivity,lower_specificity,upper_specificity,std_specificity,accuracy_score
0.6964705808786171,0.16996688289048678,0.6273320895522388,0.6534029914835755,0.0405961,0.6870021017043694,0.7074479907497706,0.005638691135771077,0.16136611627230668,0.18428641964863188,0.00629098483136971,0.5774889282305148,0.6440245669242274,0.01787581426488771,0.6494612046035712,0.708143112838563,0.017598969902828502,0.6521344438644668
