roc_auc,average_precision,sensitivity,specificity,threshold,lower_auroc,upper_auroc,std_auroc,lower_ap,upper_ap,std_ap,lower_sensitivity,upper_sensitivity,std_sensitivity,lower_specificity,upper_specificity,std_specificity
0.6986966724293797,0.16784900385673104,0.6315298507462687,0.6683842648918152,0.054584384,0.6903667057004028,0.7069607657200733,0.004962310225029355,0.15891143241242106,0.18067142556193685,0.005458556689056344,0.6092827506509357,0.6641962365591398,0.017506560825543888,0.6286072346780732,0.6966185384309023,0.021872869949513315
