roc_auc,average_precision,sensitivity,specificity,threshold,lower_auroc,upper_auroc,std_auroc,lower_ap,upper_ap,std_ap,lower_sensitivity,upper_sensitivity,std_sensitivity,lower_specificity,upper_specificity,std_specificity
0.6962651495973221,0.17030407578468099,0.6077425373134329,0.6800734750351869,0.041298915,0.6867779311010551,0.707454453056484,0.005988899220325169,0.16163790202661835,0.18524354319436556,0.0065295843578685965,0.5906112973865058,0.6583159722222223,0.022069336514238466,0.6111927559122827,0.6921487136031043,0.027535618414045893
