roc_auc,average_precision,sensitivity,specificity,threshold,lower_auroc,upper_auroc,std_auroc,lower_ap,upper_ap,std_ap,lower_sensitivity,upper_sensitivity,std_sensitivity,lower_specificity,upper_specificity,std_specificity,accuracy_score
0.699290440376661,0.16931111883222116,0.6240671641791045,0.6600586846060259,0.039332062,0.6903238351816001,0.7096620192607064,0.005543755044146443,0.16012092296191532,0.1834279531429966,0.006578029316385936,0.6047272620342871,0.6542664342897055,0.014918100519021555,0.6288890888854736,0.6886598414008307,0.015254752279454655,0.6583074234618614
