roc_auc,average_precision,sensitivity,specificity,threshold,lower_auroc,upper_auroc,std_auroc,lower_ap,upper_ap,std_ap,lower_sensitivity,upper_sensitivity,std_sensitivity,lower_specificity,upper_specificity,std_specificity
0.6547459888883074,0.10310654970369912,0.5680970149253731,0.6860612132923019,0.038363416,0.6435359678628936,0.6625072000945866,0.005109974603747276,0.09865195504155322,0.10714828221059176,0.002478707216448402,0.5617942636257185,0.608276831250161,0.014552758174250781,0.6340181741417084,0.701769412029688,0.023565800938864862
