roc_auc,average_precision,sensitivity,specificity,threshold,lower_auroc,upper_auroc,std_auroc,lower_ap,upper_ap,std_ap,lower_sensitivity,upper_sensitivity,std_sensitivity,lower_specificity,upper_specificity,std_specificity
0.6937071779868281,0.16619478113358369,0.6408582089552238,0.6462701877430282,0.04260715,0.6834398020838712,0.7056674119058982,0.006148057534362968,0.15655725382923913,0.18028584014492938,0.0067638607979960555,0.6046812447191329,0.6481514517716536,0.012378664431256195,0.633420874740624,0.687692166216248,0.015583712322010437
