roc_auc,average_precision,sensitivity,specificity,threshold,lower_auroc,upper_auroc,std_auroc,lower_ap,upper_ap,std_ap,lower_sensitivity,upper_sensitivity,std_sensitivity,lower_specificity,upper_specificity,std_specificity
0.6982063266648223,0.1679784415730135,0.6277985074626866,0.6541425129416255,0.03922506,0.6887543405021519,0.7088923396016856,0.005634041424076091,0.15912807877256205,0.18149864003105773,0.006325729988535108,0.597342703074805,0.6629335912314636,0.01972988575240158,0.6155152142914305,0.6921857848295794,0.02303606015822494
