roc_auc,average_precision,sensitivity,specificity,threshold,lower_auroc,upper_auroc,std_auroc,lower_ap,upper_ap,std_ap,lower_sensitivity,upper_sensitivity,std_sensitivity,lower_specificity,upper_specificity,std_specificity
0.6705286423479112,0.16805903026445837,0.5522388059701493,0.6961282473341444,0.037145805,0.6609231745744869,0.6806094059620055,0.005732034282792552,0.1573369507720506,0.18167037723095528,0.006679505906053539,0.5192045252600738,0.603230744949495,0.02057182621279608,0.6234430589356771,0.7354513165255847,0.02888769845188332
