roc_auc,average_precision,sensitivity,specificity,threshold,lower_auroc,upper_auroc,std_auroc,lower_ap,upper_ap,std_ap,lower_sensitivity,upper_sensitivity,std_sensitivity,lower_specificity,upper_specificity,std_specificity
0.694561036868189,0.16700218333963943,0.6231343283582089,0.6484887521171784,0.040973797,0.6851137384721016,0.7070736134229222,0.006254055765123671,0.15772524478366443,0.1819082622398927,0.006701894167598815,0.599750593824228,0.6360826131635249,0.011420596124974291,0.6417106815779448,0.6784660329403408,0.012347476543562233
