roc_auc,average_precision,sensitivity,specificity,threshold,lower_auroc,upper_auroc,std_auroc,lower_ap,upper_ap,std_ap,lower_sensitivity,upper_sensitivity,std_sensitivity,lower_specificity,upper_specificity,std_specificity,accuracy_score
0.6980280165852908,0.170216940705899,0.6254664179104478,0.660034829075121,0.037071876,0.6889523512675875,0.7080876935925298,0.005543342693737038,0.161004096748289,0.1848673051931266,0.006577425376652479,0.6051352154548033,0.64515143501723,0.011701564006048793,0.6456051084557105,0.6825717754671745,0.010419213712382884,0.6583528130177246
