roc_auc,average_precision,sensitivity,specificity,threshold,lower_auroc,upper_auroc,std_auroc,lower_ap,upper_ap,std_ap,lower_sensitivity,upper_sensitivity,std_sensitivity,lower_specificity,upper_specificity,std_specificity
0.6933374617643906,0.16959322037880553,0.605410447761194,0.6767575562394141,0.042959,0.6839692744898642,0.705960376563774,0.0062246330675220845,0.16081959144746813,0.18360251549063847,0.006361856768670912,0.6003020152543457,0.6396594775657723,0.011647677189249642,0.6314033958726754,0.6779990303453032,0.012794962930446406
