roc_auc,average_precision,sensitivity,specificity,threshold,lower_auroc,upper_auroc,std_auroc,lower_ap,upper_ap,std_ap,lower_sensitivity,upper_sensitivity,std_sensitivity,lower_specificity,upper_specificity,std_specificity
0.6925239481046069,0.16940702130158913,0.601679104477612,0.675278513323314,0.03668814,0.6842068435241808,0.7035302572410973,0.005412699332514319,0.15982657726793578,0.1843666224341289,0.006972314811139558,0.6006520475622827,0.6304487348306085,0.009350211677986489,0.6390414426057667,0.6760141934550832,0.01200007628022813
