roc_auc,average_precision,sensitivity,specificity,threshold,lower_auroc,upper_auroc,std_auroc,lower_ap,upper_ap,std_ap,lower_sensitivity,upper_sensitivity,std_sensitivity,lower_specificity,upper_specificity,std_specificity
0.6899525132513913,0.16466769766333358,0.6217350746268657,0.6541186574107207,0.03912991,0.6818447960762727,0.7018571066423561,0.005830570186568533,0.1555664917929695,0.17789757508029577,0.0059728673716773215,0.5897969620618465,0.6343059477373262,0.013502199872817726,0.6446973262718892,0.6893772400596865,0.015112575032064382
