roc_auc,average_precision,sensitivity,specificity,threshold,lower_auroc,upper_auroc,std_auroc,lower_ap,upper_ap,std_ap,lower_sensitivity,upper_sensitivity,std_sensitivity,lower_specificity,upper_specificity,std_specificity
0.5460457143182676,0.05409150197959142,0.5722947761194029,0.4989384288747346,0.053750377,0.5387712560957417,0.555699851348368,0.00509714476937225,0.051744673121090476,0.055157213089710284,0.0011438168608909993,0.5445290543173928,0.5772589238585379,0.010638609492016976,0.4970465628225696,0.5143604622540823,0.0061788785700174894
