roc_auc,average_precision,sensitivity,specificity,threshold,lower_auroc,upper_auroc,std_auroc,lower_ap,upper_ap,std_ap,lower_sensitivity,upper_sensitivity,std_sensitivity,lower_specificity,upper_specificity,std_specificity,accuracy_score
0.6981885240298187,0.1701139391508219,0.6208022388059702,0.6638994250817052,0.044106625,0.6899266332583345,0.7085886448650576,0.005508753322884139,0.160256667661256,0.18458388677440932,0.006782524814910631,0.6096316070388471,0.643933828435952,0.0101164913018153,0.6482866045831218,0.6667451696323616,0.006365192271826166,0.6618024192633275
