roc_auc,average_precision,sensitivity,specificity,threshold,lower_auroc,upper_auroc,std_auroc,lower_ap,upper_ap,std_ap,lower_sensitivity,upper_sensitivity,std_sensitivity,lower_specificity,upper_specificity,std_specificity
0.6987262303668091,0.16868894220298383,0.636660447761194,0.6492044180443235,0.041655608,0.6897949516237003,0.7083335969461438,0.005498255257539145,0.15973966005858664,0.18281770503410183,0.00655295281158715,0.5917448489551702,0.650873903113355,0.01751099532545842,0.6365604416181957,0.694919179325318,0.01775379700409277
