roc_auc,average_precision,sensitivity,specificity,threshold,lower_auroc,upper_auroc,std_auroc,lower_ap,upper_ap,std_ap,lower_sensitivity,upper_sensitivity,std_sensitivity,lower_specificity,upper_specificity,std_specificity
0.6839214589579833,0.1514506542665902,0.5965485074626866,0.6762565900904125,0.034036815,0.6754545853546288,0.6943840917908032,0.00553605774502323,0.14222846598639274,0.16443326445849066,0.006503670184471928,0.5876636239518194,0.6617978787033619,0.023777079451950553,0.6047935059583506,0.6797376781245562,0.027194697287876348
