roc_auc,average_precision,sensitivity,specificity,threshold,lower_auroc,upper_auroc,std_auroc,lower_ap,upper_ap,std_ap,lower_sensitivity,upper_sensitivity,std_sensitivity,lower_specificity,upper_specificity,std_specificity
0.6973553607116496,0.16774186962524212,0.613339552238806,0.6742288699635011,0.04023493,0.6885878895690218,0.7083020859938418,0.005520296044396926,0.1587901749288892,0.1830270768845061,0.006843396385220941,0.5876353183049431,0.6541448931116389,0.01981056657673187,0.6341043636814027,0.6964802928307419,0.01870268355003235
