roc_auc,average_precision,sensitivity,specificity,threshold,lower_auroc,upper_auroc,std_auroc,lower_ap,upper_ap,std_ap,lower_sensitivity,upper_sensitivity,std_sensitivity,lower_specificity,upper_specificity,std_specificity
0.6973279502170675,0.17054167894983516,0.613339552238806,0.6722488608983993,0.03911452,0.6871790398220335,0.7084541147981278,0.005760310851372559,0.16051730604558184,0.18489324977944593,0.006739364718163255,0.5970590137604722,0.6448685105143024,0.015092619941340632,0.6481008211986473,0.6811945960426713,0.011560358574344549
