Model,Threshold,AUROC,AUPRC,Sensitivity,Specificity,Runtime
Multimodel-LSTM,0.03911452,0.6973279502170675 (0.6871790398220335-0.7084541147981278),0.17054167894983516 (0.16051730604558184-0.18489324977944593),0.613339552238806 (0.5970590137604722-0.6448685105143024),0.6722488608983993 (0.6481008211986473-0.6811945960426713),1133.421
