,loss,accuracy,true_positives,true_negatives,precision,recall,val_loss,val_accuracy,val_true_positives,val_true_negatives,val_precision,val_recall
0,0.6421318650245667,0.6252197623252869,80735.0,129100.0,0.6759234666824341,0.48111245036125183,0.611433207988739,0.7911626696586609,988.0,33873.0,0.10936462134122849,0.46082088351249695
