roc_auc,average_precision,sensitivity,specificity,threshold,lower_auroc,upper_auroc,std_auroc,lower_ap,upper_ap,std_ap,lower_sensitivity,upper_sensitivity,std_sensitivity,lower_specificity,upper_specificity,std_specificity
0.6969814386166925,0.1673631137607161,0.6301305970149254,0.6548104678069611,0.03972264,0.6868006926915322,0.708138728126914,0.005793282985133323,0.1589821475785196,0.18007800834087062,0.006021355473429942,0.6080126150498426,0.6537273161413563,0.013011760432013499,0.6508537009299297,0.6781354805864643,0.007365845969985111,0.6536096044300207
