roc_auc,average_precision,sensitivity,specificity,threshold,lower_auroc,upper_auroc,std_auroc,lower_ap,upper_ap,std_ap,lower_sensitivity,upper_sensitivity,std_sensitivity,lower_specificity,upper_specificity,std_specificity
0.6810909512588778,0.16735446713587257,0.5764925373134329,0.6805505856532836,0.040999684,0.6722228478331721,0.692847464735489,0.005865312513228123,0.15635702064737378,0.18268684866215879,0.006932216812001549,0.5432632016317896,0.5877208691499523,0.013117104641211689,0.6761562747676392,0.7112752335552546,0.012956688224484633
