roc_auc,average_precision,sensitivity,specificity,threshold,lower_auroc,upper_auroc,std_auroc,lower_ap,upper_ap,std_ap,lower_sensitivity,upper_sensitivity,std_sensitivity,lower_specificity,upper_specificity,std_specificity
0.6806714989248989,0.143295759491734,0.6147388059701493,0.6413559483766311,0.03906281,0.6713540269565971,0.6920370515932631,0.005486582108395816,0.13254813004825375,0.15790081109270873,0.006951491981449934,0.5626550821807809,0.6288402385436284,0.018260612568853987,0.6301180738968969,0.7029389346913425,0.022995109003593833
