roc_auc,average_precision,sensitivity,specificity,threshold,lower_auroc,upper_auroc,std_auroc,lower_ap,upper_ap,std_ap,lower_sensitivity,upper_sensitivity,std_sensitivity,lower_specificity,upper_specificity,std_specificity
0.6825024888083736,0.17016784276694782,0.5774253731343284,0.6864429017867792,0.03711645,0.6739351169679819,0.6917516578993315,0.005341739740026515,0.16034384180133998,0.185084593169071,0.006589332057391653,0.5552015186915888,0.588949204878802,0.009721656550475456,0.6799689329958576,0.702272680155209,0.007230000087876356
