roc_auc,average_precision,sensitivity,specificity,threshold,lower_auroc,upper_auroc,std_auroc,lower_ap,upper_ap,std_ap,lower_sensitivity,upper_sensitivity,std_sensitivity,lower_specificity,upper_specificity,std_specificity
0.6951751165093448,0.16833991591413555,0.6361940298507462,0.6432166797872086,0.03914416,0.6846468740693973,0.7063014842618951,0.005872918142871098,0.15848559141049479,0.18318557389936593,0.006710306756914282,0.61537421236036,0.6660606242737508,0.013580486567661079,0.6152159714552115,0.6857249466678691,0.017976590147803145
