Model,Threshold,AUROC,AUPRC,Sensitivity,Specificity,Runtime
Multimodel-LSTM,0.03911452,0.6973279502170675 (0.6871790398220335-0.7084541147981278),0.17054167894983516 (0.16051730604558184-0.18489324977944593),0.613339552238806 (0.5970590137604722-0.6448685105143024),0.6722488608983993 (0.6481008211986473-0.6811945960426713),1133.421
ensemble-classfier,0.04091419512545314,0.6573255573203902 (0.650891794003504-0.6713884463877522),0.15361517943050795 (0.14373078146562135-0.16761818032854217),0.6082089552238806 (0.5686849797655883-0.6452377600892218),0.5973424938572007 (0.5744489996471372-0.6381486751434965),1133.421
Multimodel-LSTM,0.03914416,0.6951751165093448 (0.6846468740693973-0.7063014842618951),0.16833991591413555 (0.15848559141049479-0.18318557389936593),0.6361940298507462 (0.61537421236036-0.6660606242737508),0.6432166797872086 (0.6152159714552115-0.6857249466678691),857.603
